{"cameraMode":{"drawMode":0,"name":"Shaded","section":"Shading Mode"},"sceneLighting":true,"audioPlay":false,"sceneViewState":{"showFog":true,"showMaterialUpdate":false,"showSkybox":true,"showFlares":true,"showImageEffects":true,"showParticleSystems":true},"in2DMode":false,"pivot":{"x":-0.05450630187988281,"y":-0.7210125923156738,"z":3.3508949279785158},"rotation":{"x":0.19670838117599488,"y":-0.0014707003720104695,"z":0.0002950670022983104,"w":0.9804603457450867},"size":14.910404205322266,"orthographic":false}