{"cameraMode":{"drawMode":0,"name":"Shaded","section":"Shading Mode"},"sceneLighting":true,"audioPlay":false,"sceneViewState":{"showFog":true,"showMaterialUpdate":false,"showSkybox":true,"showFlares":true,"showImageEffects":true,"showParticleSystems":true},"in2DMode":false,"pivot":{"x":-15.358582496643067,"y":-7.788782119750977,"z":10.25813102722168},"rotation":{"x":0.21052150428295136,"y":-0.44093361496925356,"z":0.10720329731702805,"w":0.8658920526504517},"size":29.633445739746095,"orthographic":false}